filmId:ID(Film),name,release_date
g.11b769j941,Rachel,2006-01-01
m.0104bnf4,Black Gospel,2013-11-14
m.010f5vs5,Return to Boggy Creek,1977-01-01
m.010f8sw_,Nam Yajamanru,2009-02-27
m.010p4h3k,Vertigo Zoom,2012-01-01
m.0113289c,Come Full Circle,2013-11-06
m.01144tkk,Astika,2006-01-01
m.01149tgb,Envoles,2013-01-01
m.0114bd26,Thaumazein,2014-01-29
m.0114wfhw,The Great Jail Escape,2014-08-01
m.011q_lk3,Side Effects,2012-11-15
m.011s_gkl,Sôtô ashuragai,1938-03-31
m.011sg28s,Forêt,2014-01-01
m.011sg3hs,L'Être Venu D'Ailleurs,2013-01-01
m.011t8x2h,Ore no sora da ze! Wakadaishô,1970-08-14
m.011v3ryk,Innocent Sinner,1970-07-01
m.0121ql1b,My Date With Adam,2013-01-01
m.0121qznf,One More Time,2013-01-01
m.0123n48_,The Sounds Of Crickets At Night,2012-01-01
m.012r3qr0,The Ultimate Task,2013-07-20
m.012rcngz,American Sharia,2015-02-11
m.01c4gn,The Punk Rock Movie,1978-06-09
m.02qpnh4,Apradh,1972-01-01
m.02qq3qf,Johnny,1980-08-15
m.02qtz39,The Young Doctors,1961-08-23
m.02r1fbj,Aruthu,1976-01-01
m.02z9rr,Waterworld,1995-07-28
m.03c56h8,The Sheriff's Dilemma,1915-04-02
m.03w0kv,The Doom Generation,1995-10-27
m.03wbr3z,Yai Nee Romba Azhaga Irukey,2002-01-01
m.041737v,Business and Pleasure,1932-03-06
m.043m_t_,Brave New Land,2000-09-07
m.04_9h_4,Over The Moon,1939-02-12
m.04f5s44,27 Missing Kisses,2000-05-11
m.04fgj5,Dodes'ka-den,1970-10-31
m.04j1jwf,Handcart,2002-10-11
m.04j1r5r,The Last Train,1973-10-31
m.04j29md,Wasted,2002-03-17
m.04j2h2q,City Loop,2000-06-17
m.04lf87q,Summer 2007,2008-06-13
m.04lfhdp,Netz über Bord – Heringsfang auf der Nordsee,1955-05-09
m.04lfw3s,Gehenna,1938-10-29
m.04n4sm7,Not Bad for a Girl,1995-01-01
m.09gh27x,Seeta's Wedding,1934-01-01
m.09m9v4,The Gleaners and I,2000-07-06
m.0_hk3sp,Be Fruitful and Multiply,2005-01-01
m.0_skf8f,Forever Not Alone,2013-01-01
m.0_skj70,Little Brother,2013-09-01
m.0_v1nj_,War Brides,1916-11-12
m.0_vm4qp,Murder Capital of the World,2012-02-17
m.0_vmygv,Seethakka Salahaalu,1996-01-01
m.0b6650l,Suzanne,1980-01-01
m.0b6l591,A Somewhat Gentle Man,2010-03-19
m.0b6lh3_,Chhodon Naa Yaar,2007-10-05
m.0bf795,The Outrage,1964-10-07
m.0bfl_12,Fall (3 Parts),2002-01-01
m.0bg7jg3,Family Killer,1973-02-23
m.0bh54rv,The Bill Collector,2002-01-01
m.0bh7gg0,His Excellency,1952-01-01
m.0bmg91_,Mr Stringfellow Says No,1934-04-01
m.0bv_6lf,A Certain Morning,1992-01-01
m.0c3jpx,Dream Soccer King!,2002-03-02
m.0cjcc9z,Fly on the Window,2009-01-01
m.0crtfwv,Do You Want to Dance II,2005-01-01
m.0crtg8_,Learn to Read with Phonics: Vol. 1: Letters and Words,1991-01-01
m.0crthjv,Gringuito,1998-01-01
m.0crtmd5,Chops,2007-01-01
m.0crtng_,Tift Merritt: Austin City Limits,2005-01-01
m.0crtrj3,Xiu Xiu: You Can't Hear Me,2008-01-01
m.0crv3sv,Slayers: Premium OAV,1997-01-01
m.0crvc4d,Leo Sayer: Live at the Basement: One Night in Sydney,2004-01-01
m.0crvfjr,Lowriding in Aztlan,2005-01-01
m.0crvl8z,Der Kuhhandel (Arms and the Cow),2008-01-01
m.0crw63c,Scotty Moore & Friends: A Tribute to the King,2005-01-01
m.0crxv7f,UFC 79: Nemesis,2008-01-01
m.0crydjx,Knock Knock I Am Looking to Marry,2003-12-26
m.0cryf1g,Hood Life Cyphas: Vol. 3,2004-01-01
m.0crym_9,Prince: The Glory Years: Unauthorized,2008-01-01
m.0cs039s,Serial Rabbit 3: Splitting Hares,2009-01-01
m.0cs0c0q,Passport to Europe: Seven Fabulous Cities,2004-01-01
m.0cs0ryv,In Search of Lovecraft,2008-01-01
m.0cs2lgy,Street Racing 4: Fast,2002-01-01
m.0cs2sw7,Donizetti: Maria Stuarda,2007-01-01
m.0cs34q6,Eli Jacobs Fantauzzi: Inventos: Hip Hop Cubano,2005-01-01
m.0cs8mrm,Bob Marley & The Wailers: Live at the Rainbow,2004-01-01
m.0d012c,Fortune and Men's Eyes,1971-06-15
m.0dd90b9,Copernicus,1973-02-14
m.0dj5pn2,Leben mit Hannah,2006-10-01
m.0dlk5lc,The Turkey,1951-11-21
m.0f974j,American Gothic,1988-01-01
m.0fp_dr,The Manitou,1978-04-28
m.0fvmw7,Partners,1982-04-30
m.0g8lww1,The New Commandment,1925-11-01
m.0gd3cg_,Make Me Stronger,2011-01-01
m.0gh44hp,Marsh Garden,2010-01-01
m.0gksyxn,Black Mark of Shaolin,1978-01-21
m.0gkt5d3,Barefoot Eok-sun,1976-10-11
m.0gm191r,Mob Rules,2010-01-01
m.0gvsl2,Heat,1972-10-06
m.0gx2z81,Kombat Sechzehn,2005-01-01
m.0gz50k2,Showing Up,2011-01-01
m.0hrc45n,The Undying Flame,1917-05-24
m.0j46hcd,Le Déchaussé,2003-08-08
m.0jmwrcd,Mulberry Child,2011-10-16
m.0jwzlt3,Major Wilson's Last Stand,1899-09-01
m.0kwh0y4,Fog of War (1),2003-08-22
m.0nds317,Franz & Kafka,1997-04-24
m.0nfcm4h,The Wizards Return: Alex vs. Alex,2013-03-15
m.0t_892k,666,2007-01-01
m.0v18g19,Dadaloglu'nun intikami,1975-01-01
m.0v4wtn8,Kurtar Beni,1987-01-01
m.0v4yr8f,Bosver arkadas,1974-01-01
m.0vsb51g,Wakil Rakyat,2009-04-02
m.0vtp2g4,Vina Bilang Cinta,2005-08-18
m.0vxsd61,Gelon lave,2008-02-16
m.0w21_rf,Hekayet ElThawra,2011-04-07
m.0w2vzjv,Harat El-Habayeb,1989-01-01
m.0w3mbgb,Mandela,2013-01-01
m.0wq03m0,Sleeping Dogs,2010-10-07
m.0y93g86,Shirin in Love,2014-03-14
m.0z46qlr,Ton chien est mort,2011-01-01
g.11b6cl0sw5,Paris la nuit,1956-01-01
g.12148tgf,Ladakh: In Harmony with the Spirit,1986-01-01
g.1pzpd9t8c,Let's Play House,2003-10-31
m.01032n4n,Jessie,1984-01-01
m.010hcb4f,Kangeki no koro,1939-10-12
m.010nmbcn,Avunanna Kadanna,2005-01-01
m.010pp7q9,Greenwich Village Story,1963-07-11
m.0110gqdv,Mauro Is Busy,2013-01-01
m.0110gtdc,Fort Apache,2013-09-27
m.0112q0s_,One in Five,2014-01-01
m.0113mlb0,To let Ambadi Talkies,2014-05-23
m.0114q5lz,Juan Moreira,1948-01-01
m.011lq6d4,Nowhere Nevada,2013-09-15
m.011p1kts,The Stranger,2014-08-13
m.011p1r4d,Random,2013-01-01
m.011tz45m,Zahyo monogatari,1963-07-13
m.011v3kms,Little Forest: Summer/Autumn,2014-08-30
m.011x42_h,Mukha Chithram,1991-12-07
m.0128170_,Mariona Rebull,1947-04-14
m.012hgpck,Güneşe Giden Yol,1965-01-01
m.012hq5dh,Gowri Kalyanam,1966-01-01
m.024y1q,The Story of Vernon and Irene Castle,1939-03-29
m.026q0bf,Hilda Crane,1956-01-01
m.027k5ks,The Snow Maiden,1952-01-01
m.02q4hj_,Burst City,1982-01-01
m.02r3fdw,Day Night Day Night,2006-05-25
m.02w27t8,The Man from Monterey,1933-07-15
m.02xcvqs,Poor Baby,1915-07-28
m.03cfrny,His Sister's Kids,1913-12-20
m.03d0cs0,The City Slicker,1918-06-02
m.03d5v94,The Princess of New York,1921-08-07
m.03gqwf4,Tarzan and the She-Devil,1953-01-01
m.04041w8,Kūsō no Sora Tobu Kikaitachi,2002-01-01
m.043kfkj,Life Begins,1932-09-10
m.04bvrx,3: The Dale Earnhardt Story,2004-12-11
m.04d_mpy,Run for Money,1999-12-17
m.04j1fsq,The Crimes of the Black Cat,1972-08-12
m.04j1hsh,Kids Ten Commandments: Life and Seth Situation,2003-01-01
m.04j1wcw,The Master Swordsman Returns,2002-01-01
m.04j28wf,Party Animalz,2004-05-18
m.04j2spm,Hunting Season,2000-01-01
m.04n13mc,Familien Olsen,1940-03-18
m.04zwnm6,Operation Vittles,1948-01-01
m.05pdggb,The Golem and the Dancing Girl,1917-01-15
m.05t_zbk,Some Like it Big 2,2008-01-01
m.05zs83_,Work Is a Four-Letter Word,1968-01-01
m.063j87v,Against A Trans Narrative,2008-01-01
m.063zky,The Jetsons Meet the Flintstones,1987-11-09
m.064w1js,Amateur Gay Creampie Videos 2,2008-02-14
m.065n2t0,Mr. & Mr. Smith,2008-02-01
m.06w2b6p,Unfinished Symphony,1934-08-23
m.0702p2s,The Water Fight,2003-06-05
m.075cp1,The Man Who Knew Too Much,1934-12-22
m.075jvjw,Natural Born Driller,1996-01-01
m.075qqrl,Étoile,1989-03-17
m.07th65t,The Art Of Lee Hsiang-Fen,1961-01-01
m.08ch9j,Innocent Blood,1992-09-25
m.09fjrb,The Cave of the Yellow Dog,2005-05-12
m.09k6gbg,The Penguins of Madagascar: Operation - DVD Premiere,2010-01-01
m.09rwvpp,Anaphylaxis,2009-01-01
m.0_8kk9n,Annadaata,2002-01-01
m.0_szlpv,Tomorrow Never Knows:  Deconstructing The Beatles' Revolver,2012-04-03
m.0b66j7q,Doublecrossed,1991-07-20
m.0b77r3t,Holiday for Lovers,1959-07-24
m.0b_t_qy,The Crisis,1992-12-02
m.0bbf9z2,The Bill of Rights,1939-01-01
m.0bbxcbb,U raskoraku,1968-06-01
m.0bby_b7,Made in Sweden,1969-03-17
m.0bd65ds,Marlene,2000-03-09
m.0bdqhky,The Ghost of Flight 401,1978-02-18
m.0blyl6,Suzie Gold,2004-03-05
m.0bvqbfw,Black & White Affair,1984-01-01
m.0bvqcr3,In Search of Excellence,1984-01-01
m.0bylny0,Hi-Life,1998-01-01
m.0bzykt2,You,1963-05-01
m.0c1z2l2,Lawless Breed,1946-08-16
m.0c3xyr1,A Lonely Place to Die,2011-02-12
m.0cgvyrw,The Wild Women of Chastity Gulch,1982-10-31
m.0cm8psb,Sharks' Treasure,1975-04-01
m.0cm8yst,Chali Cheemalu,1978-01-01
m.0crrntt,Fat Wreck Chords Peepshow III,2002-01-01
m.0crrpsw,Debra Killings: Surrender,2003-01-01
m.0crsfjz,Oliver Twist,1974-01-01
m.0crsj9s,George Washington's First War: The Battles for Fort Duquesne,2003-01-01
m.0crsjh6,Looters,2005-01-01
m.0crskyk,Two Suitcases,2000-01-01
m.0crslg3,Let's Go to Mass,2006-01-01
m.0crsn5k,Fields of Glory: Texas,2005-01-01
m.0crss_z,Phillip the Fossil,2011-04-15
m.0crt76k,Ski Movie II: High Society,2001-01-01
m.0crt_tq,Prairie Moon,1938-01-01
m.0crtttr,Mamachas del Ring,2009-01-01
m.0crvbzp,Holy Bible: New Living Translation: Old Testament,1996-01-01
m.0crvcx4,Hermie & Friends: Webster the Scaredy Spider,2004-09-15
m.0crvfdr,G.T. Extravaganza Singers,2006-01-01
m.0crvgr6,Gilad: Ultimate Body Sculpt: Cuts & Curves,2006-01-01
m.0crvmf0,Intangible Asset No. 82,2008-10-17
m.0crw7s2,Romantics & Realists: Delacroix,2000-01-01
m.0crw8bs,Ozie Boo!: Learn to Live Together: Vol. 2,2006-01-01
m.0crwbg1,Aerosmith Videobiography,2008-01-01
m.0crxxd_,Bob Ross: The Joy of Painting: Seascape with Lighthouse,2009-01-01
m.0cryk7m,Kahit Isang Saglit,2000-11-15
m.0crz5w0,Humble Pie,2007-01-01
m.0cs119t,Avant que l'ombre,2005-04-01
m.0cs1q6h,Punk & Disorderly,2001-01-01
m.0cs335_,Crash Masters: Taoism Drunkard,1984-01-01
m.0cs6ws2,Joyce Vedral: Complete Weight Training Series,2006-01-01
m.0db7_1v,James ou pas,1970-05-12
m.0dgkss5,Census Taker,1984-01-01
m.0dpgg37,Sailors Don't Cry,1990-06-08
m.0dyfv6,Billion Dollar Secret,1999-01-01
m.0gxvjvl,Theis and Nico,1998-01-01
m.0gxz3td,Peekaboo,2011-01-01
m.0gy1xch,2012: Ice Age,2011-06-28
m.0gzlkck,Erinnerungen - oder Der vergebliche Versuch zu entkommen,1982-01-01
m.0h112s4,The House of Life,1989-01-01
m.0h2mh1p,Gorgon,2011-01-01
m.0h2wmtw,The Extendables,2014-08-03
m.0h2z9rs,Vikingdom,2013-09-12
m.0h5vqdh,Athlete with Wand,1894-01-01
m.0h9stcf,DeSiCiTi,2010-06-12
m.0n8z3v2,Dear Cardholder,1987-01-01
m.0n9gbzv,25km²,2011-01-01
m.0p9pl,Doctor Dolittle,1967-12-19
m.0pc3wh0,Invitation,2012-09-06
m.0v2ssrt,Not the Bradys XXX: Marcia Goes to College,2013-03-13
m.0vb0d5t,Incest,2008-01-01
m.0vb9wmr,Słoń,1959-01-01
m.0vsk59c,Submerge,2012-01-01
m.0w27jy7,Sta dihtya tis arahnis,1973-03-26
m.0w28ftd,The Last Witness,1993-01-01
m.0w9tdkb,Chandavalliya Thota,1964-01-01
m.0wcr71m,Stree,1968-01-01
m.0wfs318,Free the Nipple,2014-12-12
m.0wp_t_b,Patience,2008-03-04
m.0ws86kb,Teatr vremen perestroyki i glasnosti,1988-01-01
m.0xnxlm_,The Night of the Jackal,1988-01-01
m.0yxrgyh,Funny Games Ghost,2012-01-01
m.0zgzgsz,Chateau Chunder: A Wine Revolution,2012-10-30
m.0zndc4q,El señor de Osanto,1974-03-14
m.0ztqwh1,The Taj Mahal,1982-01-01
m.011wyq24,The Appointment,2000-01-01
m.0121qd3f,AN UNBREAKABLE BOND,2014-01-01
m.0121vnff,Vítor,2014-01-01
m.0123n2td,The Hoarders,2012-01-01
m.0125gqfs,Human Turbine,2010-09-01
m.012_l826,Music Box Biographical Collection: Madonna,2005-01-01
m.0279ms4,Flickering Lights,2000-11-03
m.0280_wh,All the Brothers Were Valiant,1953-11-13
m.02qbh_2,No Time for Love,1943-01-01
m.02qq2vl,Tholireyi Gadichindi,1977-11-17
m.02r9zdh,Patita,1953-01-01
m.03grqzz,The Woman God Forgot,1917-10-28
m.0415n1,Animated Alias: Tribunal,2004-09-07
m.045j2h,Separate Tables,1958-12-18
m.04cr5fd,Crooked Business,2008-10-16
m.04d_mvd,You Can't Take It with You,1938-08-23
m.04j0zfl,Bounce KO Gals,1997-01-01
m.04j2x1d,Matthew Blackheart: Monster Smasher,2001-01-01
m.04jfcsf,The Elm-Chanted Forest,1988-01-01
m.04m__74,Miss Sweden,2004-09-03
m.04nkvjh,Race Across the Rainbow,2008-01-01
m.04p41h9,Bookie,2008-05-04
m.04p5n_5,Smells Like Teen Spirit,2007-01-01
m.04q6sh8,The Overeater,2003-07-16
m.04q7mgb,Death Comes at High Noon,1964-07-31
m.04svrf9,Letter to Myself,2007-01-01
m.051yhrt,The Return of Raffles,1934-11-29
m.05b5vxx,Madhya Surya,1975-01-01
m.05b_2m6,Sujatha,1953-01-01
m.05f27d,Way Out West,1937-04-16
m.05f5z60,Working Tra$h,1990-11-26
m.05hmnw,The Five Heartbeats,1991-03-29
m.05kdphd,Slam It! In a Slut,2007-01-01
m.05kfpkg,The Lewis & Clark Expedition,2008-05-05
m.05ptxqv,Frank's First Love,2005-01-25
m.05q8_ky,Guard No. 47,2008-11-27
m.05qss9,Stuart Saves His Family,1995-04-12
m.05r0q3,Last Woman on Earth,1960-01-01
m.05v6099,Northeast,2005-05-12
m.05zxnr3,The Extra Man,2010-01-25
m.062qg9,Warm Springs,2005-04-30
m.0641pdl,Night and Fog,2009-01-01
m.064b9l7,Boys After School,2008-07-07
m.064k47p,Echo,2007-09-27
m.064w1jl,Amateur Ass Rimming Videos 2,2008-02-21
m.0651wb8,Perfect Pairs 1,2008-10-14
m.065xmlm,The Bite,1993-07-01
m.0697zs,The Creature Wasn't Nice,1981-01-01
m.06_y3t0,Morir por nada,1974-01-01
m.06_y9b6,El Gordo Villanueva,1964-01-01
m.06_yd3k,Recuerdos de un ángel,1948-01-01
m.06mc65,Fire Maidens from Outer Space,1956-01-01
m.06z1ht,Havoc,2005-06-26
m.06zjyqr,Quel fantasma di mio marito,1950-01-01
m.06zm0wg,Il Figlio di Lagardere,1952-01-01
m.075dd7h,She-Male Salsa,1995-07-01
m.075pjmn,Grease Guns 2,1997-12-01
m.075q96t,Makom Tov,1997-05-01
m.07kgly8,Aftermath: The Remnants of War,2001-01-01
m.07kvcq1,Medical Story,1975-09-04
m.07l5129,Snowing Chestnut Blossoms,2009-01-01
m.07lygpx,20h17 rue Darling,2003-04-04
m.08626yb,The Tower,1984-01-01
m.08mfhr,Diya Aur Toofan,1969-05-09
m.08p40md,Almost Human,1927-01-01
m.091ksf,The Very Best of Cher: The Video Hits Collection,2004-06-22
m.09kryq,The Raspberry Reich,2004-01-01
m.09pgdvk,Su última noche,1931-05-01
m.09rsnz2,Once in a Lifetime,1994-02-15
m.09rvr2z,Alice in Wonderland,1931-09-20
m.09ryr_,Shake! Otis at Monterey,1987-01-01
m.09tqgtt,Glory,1956-01-01
m.09vp4gj,Destruction Of Kblaze,2009-12-21
m.0_4k04s,Star Worms II: Attack of the Pleasure Pods,1985-01-01
m.0_7n86z,Blackwood,2013-10-17
m.0_f_cwx,Haunt,2013-11-06
m.0_f_dwj,The Skin,2011-09-16
m.0_v4fwz,Shower,2012-09-18
m.0b3nrz,Rescue Dawn,2006-09-09
m.0b6sct2,The Common Enemy,1910-04-04
m.0bgk9v5,The Cat with Hands,2001-01-01
m.0bhch6v,The Cape Town Affair,1967-01-01
m.0bj5050,So This Is Love,1953-01-01
m.0cc1gqc,Wrong Way Up,2004-01-01
m.0cm21nx,The Crab,2010-01-01
m.0cr_6j1,American Stag,2006-01-01
m.0crd_bq,Pandu Pandoru Rajakumari,1992-01-01
m.0crgdgf,Zadarski memento,1984-05-20
m.0crrf5f,A Tribute to Ricky Nelson,1986-11-30
m.0crrp_y,What the Punk?!: Part 2,2004-01-01
m.0crrr4f,Bill Mason's Path of the Paddle,1977-01-01
m.0crrrhl,Router Joinery,2004-01-01
m.0crrsvb,A Midsummer Night's Dream,1999-01-01
m.0crrxz3,The Method: T'ai Chi: Beginner's Level,2008-01-01
m.0crs0q1,Luke and Brie Are on a First Date,2008-10-17
m.0crt6wn,Goodbye Mr. Cool,2001-01-01
m.0crt94g,Falstaff,1982-01-01
m.0crv34m,Punk Rawk Show: Total Authority,2003-01-01
m.0crv894,Ewe Know: Do Ewe Sing?,2003-01-01
m.0crv8zj,Dispatch: Under the Radar,2002-01-01
m.0crv9lt,Robert Earl Keen: No. 2 Live,2001-01-01
m.0crwldc,Cassidy: Flamethrowers: Back to Basics,2005-01-01
m.0crx365,Psychos in Love,1987-01-01
m.0crx3z5,Destination Mozart: A Night at the Opera with Peter Sellars,1990-01-01
m.0crxt69,Tai Chi for Life: Sun Style,2007-01-01
m.0crxtgx,Joe Satriani: Surfing with the Alien,1988-01-01
m.0crxwq4,Jean-Philippe Rameau: Castor et Pollux,2008-01-01
m.0crxwxg,The Graff Life,2007-01-01
m.0cs2qbl,Gun Disarming Tactics for the Streets,2006-01-01
m.0cs48vt,Life Hits,2006-01-01
m.0cs51px,You Can Dance: Mambo,1991-01-01
m.0czf4qr,Los Cuentos de Borges: El Sur,1990-01-01
m.0d7dghk,Los mujeriegos,1958-02-12
m.0dhgyx,One Night the Moon,2001-11-08
m.0djcmws,Pink: Funhouse Tour: Live in Australia,2009-01-01
m.0dk297,An American Crime,2007-01-19
m.0ds9_65,I am Semiramis,1963-03-22
m.0f13drn,Yesno,2010-01-01
m.0fnn52,Bug,1975-06-17
m.0fq860z,Okashi-na yatsu,1956-01-01
m.0g4b6_,Mack the Knife,1989-11-17
m.0g4p1fv,Hunters of the North Pole,1950-01-01
m.0g4twz0,Studies for the Decay of the West,2010-10-01
m.0g4tyhm,Der Viennale-10-trailer: Empire,2010-09-01
m.0gg5qf8,Caminito alegre,1943-01-01
m.0ghx7bk,Jazzclub - Der frühe Vogel fängt den Wurm,2004-01-01
m.0gksyz5,Hometown,1967-10-02
m.0gkt8pd,Flying Giants,2009-09-26
m.0gkt916,Couple's Shift,1973-01-13
m.0h2m9pj,Pure Funk,2011-01-01
m.0h51mff,Ganga Tere Desh Mein,1988-10-21
m.0h_d94d,Death Ring,1993-01-01
m.0j3fztv,Pension Schöller,1952-08-10
m.0j9nrkz,Portrait of a Call Girl,2011-08-26
m.0j_xg01,Love In The Streets,2008-01-01
m.0jb38df,Porky's Super Service,1937-07-03
m.0jk_7yx,Booker's Place: A Mississippi Story,2012-04-22
m.0jymvnh,Grindstone Redux,2010-01-01
m.0jymxlp,Fashion Memoir: Episode 10,2010-01-01
m.0kfyfmb,916,2012-11-10
m.0n7nydf,Floodhouse,2004-01-01
m.0qrzz09,Hometown,1983-07-01
m.0qsrkd3,New Julfa: To Be…,2011-01-01
m.0rh823t,The Hunter and the Skeleton,2012-01-01
m.0rh871j,Northwest,2013-01-27
m.0s9lyg9,Land Rush,2012-01-01
m.0tkdw40,Khooni,1946-01-01
m.0vv0k71,Yusuf ile Züleyha,1970-01-01
m.0w4fty2,Casablan,1964-12-13
m.0wg1qg5,Sensei,1989-04-08
g.121j6mdd,Crime and Punishment,2000-01-01
m.010bn5f1,The Frontier,2014-03-07
m.011q_s21,Charity,2012-01-01
m.011t22ks,The Lustful Shogun and His 21 Concubines,1972-12-02
m.011t_423,The Wolverine and Loon,2014-01-01
m.0121qglt,ECTOTHERMS,2014-01-01
m.0121qy3x,Little Worlds,2013-01-01
m.0123myh2,Polarised,2012-01-01
m.012zw4vz,Comrade Pedersen,2006-02-24
m.0130xbrh,La Sapienza,2014-08-08
m.01311jt6,The Accidental Honeymoon,1918-04-01
m.01f6zw,Donald Gets Drafted,1942-01-01
m.01tkyt,Boys' Night Out,1962-06-21
m.02g_hn,Toys,1992-12-18
m.02qb70c,The Planter's Wife,1952-11-01
m.02qlp4,Lost in Space,1998-04-03
m.02r71r9,Koper,2006-08-31
m.02rd3sr,Her Friend the Bandit,1914-06-04
m.02w3tt4,Jews of Iran,2005-01-01
m.03ynppz,Who's Been Sleeping in My Bed?,1963-12-25
m.04_6t3f,Red Without Blue,2006-01-01
m.04grnbf,To Duck or Not to Duck,1943-03-06
m.04j0ksg,I'm in Love,2006-01-01
m.04jpph9,The Yacht Isabel Arrived This Afternoon,1950-08-03
m.04n2wgc,Den farlige alder,1911-04-07
m.04vyrx,Porky's Hare Hunt,1938-04-30
m.04zzhdp,That Sinking Feeling,1980-01-01
m.0558zc,Eulogy,2004-10-15
m.05_5zjv,The Way We Get By,2009-01-01
m.05fb1tf,Involuntary,2008-11-28
m.05hh1p,Number Seventeen,1932-01-01
m.06xfrzw,Rate It X,1985-01-01
m.06znf6b,Act of God,2009-01-01
m.07cgm1f,China from the Inside,2006-01-01
m.07htbzk,Boy 1: Bohemian Boys,1995-07-01
m.07htgh_,The Edge 3,1999-01-01
m.07l510m,Smoke,2009-01-01
m.07l51jc,The Translator,2009-01-01
m.0_rqm68,Passions of St. Aqueduct,2013-07-12
m.0_s1tyd,Dhruva,2002-09-13
m.0_w4kn1,Thirst,1997-01-01
m.0_yklj_,Gowdru,2004-07-16
m.0_z9v06,Luciernagas Por Linternas,2013-06-01
m.0b3td59,Woundings,1998-01-01
m.0b44nqt,The Dead Beat,2008-07-03
m.0b456kn,Le dernier des six,1941-09-16
m.0b6hmfp,Dangerous Living: Coming Out in the Developing World,2003-06-07
m.0b77695,La herida luminosa,1997-01-01
m.0b9t5dd,Joliana,1999-01-01
m.0b9v6fm,Song of Idaho,1948-03-20
m.0b_nwh9,Organism,2010-07-10
m.0b_skyy,Disorder,1962-03-16
m.0bgbwqc,Pieces of the Moon,1996-10-01
m.0bvqd78,Life Is Flashing Before Your Eyes,1984-01-01
m.0bwb7tl,Pastorale,1981-12-13
m.0bwgkkc,Madame Sans-Gêne,1925-04-17
m.0cjtvp,The First Men in the Moon,1919-01-01
m.0cr_jhd,Bollywood Kapoor Hits,2005-01-01
m.0crsl38,3-2-1 Penguins: The Amazing Carnival of Complaining,2002-01-01
m.0crslh4,NBA Hardwood Classics: Superstars Collection,2006-01-01
m.0crt68y,Peter Frampton: Live in Detroit,1999-01-01
m.0crt91p,The Making of What's Going On: An All-Star Tribute,2002-01-01
m.0crt_lm,Bad Movie Police Case #1: Galaxy of the Dinosaurs,2003-01-01
m.0crtjz1,Shostakovich: Symphonies 6 & 9,1986-01-01
m.0crtk5r,The Ultimate Snowboarding Trick Tip Series: 1st Step: Getting Started,2003-01-01
m.0crtrt_,Stevie Nicks: Live in Chicago,2007-01-01
m.0crtszs,Cognition Factor,2009-01-01
m.0crvkfq,Unite the People: 11th Anniversary:  Vol. 3,2008-01-01
m.0crvl20,Missing Girls,1936-09-10
m.0crvm5j,The Police: Certifiable,2008-11-11
m.0crw672,Terror Rising: Know Your Enemy: Vol. 2,2005-01-01
m.0crw8vz,Fun-to-Know: Healthy Cooking for Healthy Heart,2007-01-01
m.0crw9l7,Mayo Clinic Wellness Solutions: Back Pain,2007-01-01
m.0crwctd,Inside Sportfishing: Deep Creek Fishing Club,2003-01-01
m.0crwdln,David Bromberg and His Big Band: In Concert at the Count Basie Theatre,2009-01-01
m.0crwdvp,So You Want to Be President?,2010-01-01
m.0crwxmv,Aznavour & Minnelli: Live at Palais Des Congres Des Paris,1992-01-01
m.0crx1h3,Chris Smither: One More Night,2007-01-01
m.0crxm6j,Great Scottish Sing-along,2003-01-01
m.0crxrnp,A Night of Reggae Rhythm,2006-01-01
m.0cs3r8d,Second to None,2008-01-01
m.0cs3y2k,Mattie Fresno and the Holoflux Universe,2007-01-01
m.0cs3zf7,Oscar De Jiu Jitsu 2,2006-01-01
m.0cs45y4,Most Famous Hits: Willie Nelson & Leon Russell,2006-01-01
m.0csb5zs,Underground P.D.,2004-01-01
m.0ctmr5f,Citi Boyz 61: My Summer Vacation: Part One,2010-09-28
m.0dfbhc_,Band of Brothers - Disk 3,2001-01-01
m.0djc8k6,The Cameraman's Revenge & Other Fantastic Tales,1958-01-01
m.0djd1hb,UFC 51: Super Saturday,2005-01-01
m.0dr_l6n,Going Our Way,2010-10-02
m.0f93zm,A Guide to Recognizing Your Saints,2006-01-01
m.0ff2dr,Crank,2006-08-31
m.0gd0bxj,Pelea de gallos,2004-01-01
m.0gfqydj,El rancho del pinar,1939-01-01
m.0gjc26y,Waissman,2010-11-23
m.0gkrmfd,Yoshino's Barber Shop,2003-01-01
m.0gksj38,Clerk,2009-01-01
m.0gkt2gc,Son of Man,1980-09-24
m.0gxr_qg,Aide mémoire (ein schwules Gedächtnisprotokoll),1995-01-01
m.0gxzq1s,Ferocious Planet,2011-04-09
m.0gy1r2m,Midshipman Easy,1915-02-01
m.0gycd3_,45th Parallel,1986-01-01
m.0gzlnqt,Neapolitan Tears,1981-01-01
m.0h0tk0f,Shredd,2011-01-01
m.0h14wm6,The Brass Teapot,2012-09-08
m.0h1hhjg,The Derby Winner,1915-07-01
m.0h71twl,Kirkit,2009-06-12
m.0jt1zcd,Harvest,1936-12-01
m.0k6pf11,Love and Politics,2012-04-29
m.0pc4783,I Wanna Be A Detective,2012-01-01
m.0qprv7w,The Crack,2012-10-06
m.0qps01p,Captain Kang,2012-10-06
m.0tkjmy8,Chehra,2013-04-26
m.0vn2bh5,Ayrılık,1972-03-14
m.0vzvbnz,Rasputin,1938-01-28
m.0w1tdh4,Aleodor împarat,2004-01-01
m.0w1twfw,12 O’Clock Boys,2013-04-29
m.0wfrr60,Get That Man,1935-07-11
m.0wg1310,Tsubasa wa kokoro ni tsukete,1978-10-14
m.0xq9c1w,Fight,2012-08-10
m.0xqbkxc,N.E.Mation! 7: Together We Overcome united We Heal,2012-01-01
m.0zblxmx,Retribution,2011-04-10
g.1211pf3n,In All Innocence,1998-11-25
m.010g1d2_,Miyamoto Musashi: Ichijoji ketto,1942-03-25
m.010g26t4,420 Triple Feature,1968-01-01
m.010s2b45,Skategirls,2010-01-01
m.010scw22,Chrissy,2012-11-17
m.0114b5sj,Maria,2012-01-01
m.011q_stg,Read Me Differently,2009-01-01
m.027v_s6,Tennessee,2008-04-26
m.02qq3br,Naan Potta Savaal,1980-08-07
m.02rfzdh,When I Was a Singer,2006-05-26
m.02rt1ln,Blood Drips Heavily on Newsies Square,1991-01-01
m.02w0gjg,High,1969-04-02
m.03c46jz,When Love Forgives,1913-08-02
m.03c70x9,Now That I Have You,2004-08-11
m.03d3x3v,Snuff-Movie,2005-08-27
m.03nslgf,Urban Struggle,2008-10-23
m.0413lmv,All Together Now,2008-10-20
m.04_68b1,Personal Stories,2006-01-01
m.04j1q14,Bedside Manner,1945-06-14
m.04j30ch,72 Desperate Rebels,1978-01-01
m.04zyl3f,Agathe Cléry,2008-12-03
m.05b25x0,Agar... If,1977-01-01
m.05b_nhy,The Wedding Game,2009-01-25
m.05c15l3,Corwin,1996-06-14
m.05f8jqf,Roots,1955-06-10
m.05h702c,The Country Beyond,1936-04-24
m.05lp2yk,Neverland: The Rise and Fall of the Symbionese Liberation Army,2004-01-01
m.05p5b_s,Rock 'n' Roll Band,2006-10-31
m.05p8xm4,Baksho Rahashya,1996-03-08
m.05r9bx,Ed,1996-03-15
m.05ss8_d,Bareback Beginners 16,2006-01-01
m.05ss91g,Filthy Twinks,2008-01-01
m.05zzpd9,Tampico,1944-04-10
m.064fgkh,Legacy,2006-01-01
m.0674ztk,Summer Heat 2,1994-12-01
m.0693hm,A Good Woman,2004-09-15
m.0771vv6,Butt Bruisers,1999-07-01
m.07ht5hy,Reality Czech,2000-02-01
m.07s9yl,Willie Dynamite,1974-01-01
m.07y_9wb,The Greatest,2009-11-05
m.091m6_d,Girl of the Ozarks,1936-01-01
m.09gt0w,Gangaajal,2003-08-29
m.09v38vq,Death Train,2006-01-01
m.09vtxq5,Blood River,1991-03-17
m.0_1ct_z,Under My Nails,2011-01-01
m.0bcs_f,RV,2006-04-28
m.0c1s_by,The Date,1992-01-01
m.0c1sz5x,Can You Wave Bye-Bye?,2007-09-13
m.0cgqpyk,La lumière des étoiles mortes,1994-01-12
m.0cgs9qz,Kein Engel ist so rein,1960-02-18
m.0cl4bdk,Texas Justice,1995-02-12
m.0crrt6g,Lyrikal Kombat 2: Street Mix,2005-01-01
m.0crs6nd,Dead Letters,2007-01-01
m.0crtq3b,Philippine Fighting Arts: Vol. 3: Knife Tactics and Applications,2008-01-01
m.0crtqrd,Horror Effects: Hosted by Tom Savini,2008-01-01
m.0crtr7n,Giuseppe Verdi: Rigoletto,2006-01-01
m.0crttxd,Lives That Changed the World: Nelson Mandela,2007-01-01
m.0crwbxv,Luxury Trains of the World: The Great South Pacific Express,2007-01-01
m.0cry3j6,Island Girl: Dance Fitness Workout for Beginners: Basic Hula,2003-01-01
m.0crynx7,Copley: An American Fairytale,2008-01-01
m.0crypbw,Activity TV: Magic: Vol. 2,2007-01-01
m.0crzl9x,Beyond Recognition,2004-01-01
m.0crzn1f,Death Clique,2006-01-01
m.0crzqrm,The Floaters: Float On: Live in Concert,2007-01-01
m.0cs3mlm,Physical Geography: Glaciers That Shape Our Earth,2000-01-01
m.0d2sqm,Tamala 2010: A Punk Cat in Space,2002-01-01
m.0dd9dh1,The Street Singer,1937-01-01
m.0dlvw_l,Postcards from Paradise Park,2000-11-10
m.0g91kq,One Body Too Many,1944-11-24
m.0g9djmc,Tiger Head,2009-01-01
m.0gg9l_6,En defensa Propia,1917-01-01
m.0ggbpcc,The Lesser Evil,1998-01-01
m.0gj7hx5,Breakfast in Hollywood,1946-01-01
m.0gjc0tf,52 Weeks Make A Year,1955-11-17
m.0gkrhvm,True Blue,2010-01-01
m.0gkw0hb,A Little Prayer (HELP),2011-01-01
m.0gwr65v,Breaking her Will,2009-01-01
m.0gxb6ld,freedom2speak v2.0,2003-01-01
m.0gy5x8w,The Precious One,2012-01-01
m.0h8jbm2,Jawani Ki Reet,1939-01-01
m.0h_9dy1,Will Our Heroes Be Able to Find Their Friend Who Has Mysteriously Disappeared in Africa?,1968-12-19
m.0j26jmf,Aaj Ka Dada,1985-01-01
m.0j29n_l,Lettre ouverte,1953-03-11
m.0j5yb4z,Tabu,2012-02-14
m.0j90s,Guess Who's Coming to Dinner,1967-12-11
m.0jskb07,Dr. Vulcan - Traitor,1949-01-01
m.0ngs8qb,Man-Up!,2013-01-01
m.0v5055g,Reign of Tera 2,2006-01-01
m.0vv5_mh,Nowheresville,2010-01-01
m.0vx8_7z,By the Numbers,2009-01-01
m.0w0d1_1,Jeg taler til jer - John Kørners verden,2013-05-08
m.0w0gknb,Danish Literature,1989-01-01
m.0w2cj1x,Hawadeth KeshKesh Beik,1934-01-01
m.0w75b0r,Banyan Deer,1959-01-01
m.0wg08s2,Whisper of Sin,2007-03-02
m.0xn0c7c,Fynbos,2012-07-22
m.0y6k36g,Anatomiya ng korupsiyon,2011-11-01
m.0yv2vjv,Durga,1939-01-01
m.0z4c8ld,Six By Sondheim,2013-12-09
g.122p7w6s,Matsukawa-Jiken,1961-01-27
m.0114jq6n,Ride Along 2,2016-01-14
m.0114v03q,Idhega Aasapaddav Balakrishna,2014-07-25
m.011nf_10,The Vampires: The Ring That Kills,1915-11-13
m.011q_pf8,My Mother’s Jade,2012-01-01
m.011q_z6w,Ray Bradbury’s Kaleidoscope,2012-06-12
m.01295t42,Karppooradeepam,1991-01-01
m.02cp5f,Westworld,1973-11-21
m.02qgc_9,Ezra,2007-01-23
m.02vws30,Cold Steel,1987-12-11
m.02w44v9,La León,2006-01-01
m.03tl01,The Life and Death of Colonel Blimp,1943-06-10
m.03ybf52,The Imposter,2008-10-12
m.04j1l54,The Kid Rides Again,1943-01-27
m.04j1t21,Broadway Theatre Archive: Enemies,1971-01-01
m.04j36q6,Gunfighter,1998-02-01
m.04mwztq,Vaamanan,2009-07-10
m.04q31tk,The Grass Harp,1995-01-01
m.05b0g39,Song of Dolores,1947-01-01
m.05b5rjj,A Lover's Return,1946-09-01
m.05c4bry,Behind the Player: John 5,2008-11-01
m.05spx04,Easter in Bunnyland,2000-01-01
m.05v4v1p,Wicked Sex Party,1998-01-01
m.05v6jds,North Pole #13,2000-01-01
m.05z1yz,Chopin: Desire for Love,2002-03-01
m.064fghb,Hard Hat Required,2006-01-01
m.064w0l1,Hard Working Man,1998-02-26
m.0668yhv,Straight to Bed 2,1994-11-01
m.06gq4bc,Loads of Fun Vol. 2,1995-08-01
m.0_7crgb,Follow Me,2010-01-01
m.0_qsrqs,A Few Deaths,2012-11-01
m.0_xcsfn,Chasing Beauty,2013-04-02
m.0b6zr_d,Thieves and Slackers,2004-01-01
m.0b__331,Barnacle Bill,1935-01-01
m.0b_g_d5,L.A. Sheriff's Homicide,2003-07-05
m.0bbx92d,A.P.E.X.,1994-01-01
m.0bffbf2,Three Step Dancing,2003-01-01
m.0bhcws6,Robbery Under Arms,1985-03-28
m.0bhgy41,The Hunt,1963-01-01
m.0bwdmwz,Robbery Under Arms,1957-01-01
m.0c00kj5,The Flaming Teen-Age,1956-01-01
m.0c01km0,Alive and Kicking,1964-06-24
m.0c7662,Jhankaar Beats,2003-06-20
m.0cc6sws,Jigsaw,1968-06-05
m.0ch5jyh,Řeka čaruje,1945-01-01
m.0cj6wy7,Hypochondriac,1979-12-20
m.0cr_m5j,Verbier Festival: Highlights 2007,2007-01-01
m.0cr_yll,The Lost Skeleton Returns Again,2008-10-04
m.0crrly6,Garzey's Wing,1996-01-01
m.0crrm9l,Basic Elements: My Complete Fitness Guide,2001-01-01
m.0crs0c1,Lost Souls,2010-03-23
m.0crs7lt,Magical Music Express,2000-01-01
m.0crvyg1,Music in Review: Bon Jovi,2007-01-01
m.0crzp0z,Maggie Bell & Midnight Flyer: Montreux Live: July 1981,2006-01-01
m.0cs06vk,Two Guns,2005-03-01
m.0d372f,Do Raaste,1969-12-05
m.0djcdk8,The Pickwick Papers,1985-01-01
m.0djykr3,Desire 08,2009-12-09
m.0dryctz,Players,2012-01-05
m.0hz7rcs,I'm Only Looking: The Best of INXS,2004-07-13
m.0hzs4qn,Allah Rakha,1986-08-07
m.0j142f5,Stukas,1941-06-27
m.0j6t33c,Guys Gone Wild: Summer Vacation,2007-01-01
m.0j9qm8y,You Can't Buy Everything,1934-01-26
m.0j_79t_,Daar doer in die bosveld,1951-01-01
m.0j_xff4,Still Standing,2007-01-01
m.0jm_7y_,The Writing in the Sky,2010-01-01
m.0kf9zj7,Camille Rewinds,2012-05-25
m.0kv5kv,Onna Tachiguishi-Retsuden,2006-09-19
m.0lq657c,Andalucia: Revenge of the Goddess,2011-06-25
m.0n5x_09,Always Again,2011-01-01
m.0ncxtqq,Jonah and the Great Fish,2011-11-15
m.0nhp05j,Buhay ng buhay ko,1994-01-01
m.0pbxpqp,Arrissala,1970-01-01
m.0r3v11r,Nuvvala Nenila,2014-08-22
m.0v177bc,Women's Day,2012-05-08
m.0v1lrxk,Complete Obedience – Masochist Secretary,2011-01-07
m.0v_flb9,A Blue Idol,1931-09-25
m.0vb0fzk,The Battle of City Springs,2000-01-01
m.0vpf5q1,Bad Girls 7,2011-11-01
m.0wfqfhr,The Last Port,1935-01-19
m.0wzzykb,The Ultimate Wave Tahiti,2010-02-12
m.0xn42tz,Cuba,2013-02-10
m.0y7xkm4,Home Sic Home,1995-01-01
m.0yt0vxg,Sravana Megalu,1986-01-01
m.0zrsp_t,Where Are You Going All Naked?,1969-09-12
g.12qhkjck9,Bagh-e boloor,1979-01-01
m.010299cn,Palio,1932-01-01
m.0105lldf,Pudhu Pudhu Ragangal,1990-11-01
m.0109_szs,Japan's Tsunami Caught On Camera,2011-12-11
m.010bdwpn,Today's the Day,2014-01-01
m.010hv4nx,Let Them Have Their Way,2014-05-17
m.010kh22z,Frank vs. God,2014-01-01
m.010ph0jp,Five from the Jazz Band,1932-03-19
m.010s20pg,In Search Of Water,2012-01-01
m.010sq9v7,The Hybrid,2014-03-08
m.010sqc4t,Terra Infirma,2013-01-01
m.010vz9xt,Ephemeral City,2013-10-25
m.0110g9cx,The Blood Of The Bear,2013-01-01
m.0110gjpb,Baking Alaska,2013-01-01
m.0110gkhg,Mirage,2012-09-01
m.0110gptt,Cyanide,2013-01-01
m.0110gsrd,Future Self,2013-08-18
m.0110h3p8,Cardboard,2013-01-01
m.01110nwq,The Regenerated Man,1994-10-19
m.01118ylp,Messalina,1924-01-01
m.0112ptzx,Air,2014-06-20
m.011327_x,The Night Visitor,2013-12-14
m.01132cg0,All That I Am,2013-03-10
m.01132jyc,Bare As You Dare: Portland's World Naked Bike Ride,2013-11-09
m.0113ygf9,Taking My Parents To Burning Man,2014-01-01
m.01149x41,Fitzgerald Marine Reserve,2013-10-01
m.0114b9qy,Blessed,2014-01-24
m.0114vh20,Nagarpuram,2014-08-01
m.011_tqmt,The Beggars of Tehran,1966-01-01
m.011qzrr5,Fases Of The Moon,2013-01-01
m.01258ml5,Enne Njan Thedunnu,1983-01-24
m.0125p1dg,The Creep Behind the Camera,2013-01-01
m.01284tnj,The Chowder Gang,2013-01-01
m.0129bwdt,Ļaujiet iet,2014-01-01
m.01718w,Training Day,2001-09-02
m.026lqkx,A Woman Scorned,1915-07-02
m.02710m8,The Women,1939-09-01
m.02737_b,The Power of Community: How Cuba Survived Peak Oil,2006-05-14
m.02pkyrd,Word Is Out: Stories of Some of Our Lives,1977-11-01
m.02ptvn4,His Mouse Friday,1951-07-07
m.02ptwd7,The Personality Kid,1934-08-01
m.02pw1nl,Class Relations,1984-02-21
m.02q3sb9,Don Winslow of the Navy,1942-01-01
m.02q72rx,The Babe,1992-04-17
m.02q8lz3,I Want Someone to Eat Cheese With,2007-09-05
m.02qdzp9,Caramel,2007-05-20
m.02ql47w,See This Movie,2005-01-01
m.02qmtmx,Baharon Ki Manzil,1968-01-01
m.02qq666,Nightmare Detective,2007-01-13
m.02r1fkd,Concert for Diana,2007-07-01
m.02r1g_t,Uyarnthavargal,1977-01-14
m.02r1vk7,I Really Hate My Job,2007-01-01
m.02r3hp1,Romancing the Bride,2005-01-01
m.02r3yx_,Fantaghirò 4,1994-12-19
m.02r7ctm,Ozzfest: 10th Anniversary,2005-11-22
m.02rd2my,The Star Boarder,1914-04-04
m.02rnwyw,Sawaal,1982-05-21
m.02rscbs,Deadbeat at Dawn,1988-01-01
m.05k8wg,Flight of the Navigator,1986-07-30
m.05mvk68,Eagle's Wing,1979-01-01
m.05q54f5,Fair Game,2010-05-20
m.05znqd3,Soap Girl,2002-09-14
m.0653dq8,His First Shave,2008-04-04
m.06_kcx5,Roped And Delivered,1995-09-01
m.06_y36f,En una playa junto al mar,1971-01-01
m.07ht586,Gras Hüpfer,2000-03-01
m.07ht8pl,Aprendé 1,2000-06-01
m.07k4wkh,Jean the Tenant,1918-04-29
m.07kh57f,Blood and Donuts,1995-09-09
m.07th5_k,House Of Hashimoto,1961-01-01
m.08hyyc,Proof,1991-01-01
m.08qfy2q,Break`N Em In 2,2009-10-26
m.096v5f,A Little Princess,1995-05-10
m.09pgh72,The Captain Is a Lady,1940-06-21
m.0_y56wh,Aar Koto Din,1989-01-01
m.0b35j4,The Unknown Man,1951-11-16
m.0b3sc1h,Eshq va entegham,1965-09-29
m.0c0nw2,Bittersweet Memories,2004-12-01
m.0cbxdsm,5up 2down,2006-06-01
m.0cflv1,Sgt. Kabukiman N.Y.P.D.,1991-01-01
m.0ch52vs,The Immortal Garrison,1956-09-01
m.0ch5kjd,Les Démoniaques,1974-01-01
m.0crr_7p,Guitar Instruction Series: Delta Blues Slide Guitar,2008-01-01
m.0crs0rd,Tomboys,2009-08-24
m.0crs789,La Sorpresa,2007-01-01
m.0crs79s,WOW Gospel 2005,2004-01-01
m.0crskdz,Thunder in the Desert,2005-01-01
m.0crsnvn,Saving Marriage,2006-06-15
m.0crt8tb,Diana Ross: Visions of Diana Ross,1985-01-01
m.0crtdvl,Pretend I'm Not Here,2000-01-01
m.0crtf5d,1978 Cotton Bowl: Notre Dame vs. Texas,1978-01-01
m.0crtfq6,Two Workouts in One Plus Abs with Arth Tavia,2004-01-01
m.0crtgtw,History of World War I: America Goes Over,1918-01-01
m.0crthlb,Tokyo Psycho,2004-01-01
m.0crtlgn,An Evening with Andy Williams: Live from the Royal Albert Hall,1978-01-01
m.0crvh44,MusiCares Presents: A Tribute to Brian Wilson,2006-01-01
m.0cs06gj,Bill Engvall: A Decade of Laughs,2004-01-01
m.0cs16qx,Broadway Dance Center: The Care and Feeding of a Dancer,2009-01-01
m.0cs1trx,Morricone Conducts Morricone,2004-01-01
m.0djbc2z,National Geographic: Talibanistan,2010-01-01
m.0fpdjxl,Coda,2008-01-01
m.0fpxp9v,My Name Is Mohamed,2010-12-07
m.0g4typ5,Romans o vlyublyonnykh,1974-11-10
m.0gdshy8,Why Vandalism?,1955-01-01
m.0ggw7v,The God Makers,1982-12-31
m.0ghtknt,Battle in the Erogenous Zone,1992-01-01
m.0gxvq7r,Erfüllung,2000-01-01
m.0gytsy1,Durango,1999-04-25
m.0gzlllv,Il dialogo di Roma,1982-01-01
m.0h0hqfl,Stella Days,2011-10-09
m.0jymcnf,Shades of the Border,2010-01-01
m.0k70y5d,Orgi Pörnchen - Hip Hop ist Sex... Sex aus Berlin,2003-01-01
m.0l8pk_t,Dishonorable Disclosures,2012-08-15
m.0ltd5w6,The Legend of Lyon: Flare I,1986-07-14
m.0m1tsxt,My Funny Valentine,1997-01-01
m.0ncz_0n,Till Death Do We Scare,1982-01-01
m.0nd3z6b,Jekhane Bhooter Bhoy,2012-12-21
m.0ndhff5,Fatima,1983-01-01
m.0nfmj7k,The Stringer,1998-01-01
m.0nfpc31,El ángel,2013-01-01
m.0ngnx5n,An Evening with John Barrowman,2006-09-10
m.0njmphc,The Stick Up,1987-04-11
m.0rhczwc,Recipe for Love,2012-04-01
m.0rhd4ch,Fable,2011-01-01
m.0t_jbhj,Death in Shallow Water,1994-05-12
m.0v05y6f,Ayaz,2012-03-23
m.0v120gj,O Kadın,2007-12-14
m.0vpxrsh,8-pallo,2013-01-30
m.0w1szyb,Weekend with my Mother,2009-03-20
m.0w22539,Zan'et Al-Setat,1999-01-01
m.0w7mcy_,The Life of Harry Dare,1995-01-01
m.0w7p7qx,Handle with Care,1932-12-25
m.0wjmy_g,Cuando me vaya,1954-06-04
m.0x25y_c,Game Over,2012-01-01
m.0y88cgw,Kaze no shisen,1963-02-17
m.0ym2nfl,Almost Human,2013-09-10
g.1q5bfmg4_,The Bad Wife,1971-11-13
m.0101c426,Slums: Cities of Tomorrow,2013-01-01
m.01026n0p,Aadarsa Kutumbam,1969-01-01
m.010bvpd5,Bay Area Girls Rock Camp,2013-01-01
m.010bx16g,Ludwig Hohl. Ein Film In Fragmenten,1982-01-01
m.010hcjcd,Tokiwa-so no seishun,1996-03-23
m.01147q6b,Mi realidad,2013-01-01
m.01149hl0,An Unexpected Occurance,2013-01-01
m.01149lsf,Backyard Bugs,2014-03-22
m.01149spv,Dutch Weed Burger,2014-01-01
m.011sg0k2,Après La Bataille,2014-01-01
m.011sg2rm,Infância,2014-01-01
m.011sg6nj,Watchmen In The Wind,2014-01-01
m.01258h4n,She Saved My Life ,2015-01-01
m.0131_q8b,The House of the Arrow,1940-10-26
m.027yqn2,Chura Liyaa Hai Tumne,2003-03-21
m.03cghkk,South Park: The Imaginationland Trilogy,2008-01-01
m.03cnrl9,Windy Riley Goes Hollywood,1931-05-03
m.03nr7pd,Terra Incognita: The Perils and Promise of Stem Cell Research,2007-10-01
m.03qp64n,Rancid Aluminium,2000-01-21
m.03wbs52,Varnajalam,2004-02-13
m.04fy5wc,Chestnut Hill,2001-01-01
m.04gknr,Rules of Engagement,2000-03-31
m.04j0v84,Drop Box,2006-10-13
m.04j0vwx,The Incredible Genie,1999-08-17
m.04j14j2,Miracle Dogs Too,2006-01-21
m.04j15_4,The Entertainers,1991-11-21
m.04j1x5_,Backdoor to Heaven,1939-01-01
m.04j1zgz,Lupin the 3rd: The Secret of Twilight Gemini,1996-08-02
m.04y6nyx,Marguerite of the Night,1955-12-29
m.04yhdvq,Major Organ and the Adding Machine,2008-10-08
m.04zw00z,Accidental Friendship,2008-11-15
m.051w3cd,Sundown,1941-10-16
m.051y8td,When Abortion Was Illegal: Untold Stories,1992-01-01
m.05_nmh,Bade Miyan Chote Miyan,1998-10-06
m.05b_8f,Saraband,2003-12-01
m.05d07c6,A Taste of Italy,2001-01-01
m.05k6y25,The Political Dr. Seuss,2004-10-26
m.05msxbv,Letter Never Sent,1959-05-01
m.05p9nqz,Conviction,2010-09-11
m.05ptpqx,The Gypsy Ball,1980-01-01
m.05v59mz,The Duke of Knockers,1991-01-01
m.05v6bns,White Girls Got Azz Too,2005-01-01
m.05v6lsr,Women Taller Than 170cm,2003-11-01
m.05v90cv,Crescendo,2003-01-01
m.064k4bf,I'm Photogenic,1980-03-16
m.065y8wg,Can She Bake a Cherry Pie?,1983-05-01
m.07sd6pk,The Games Are Over 2,2000-05-02
m.07sdb3w,Sex in the Sex Shop,2001-08-01
m.09kk6cl,Pueris Collection 37: Bolnd on Blond,2003-02-01
m.09r4rb,Gamera vs. Barugon,1966-04-17
m.09s5_97,Secrets of a Sorority Girl,1945-08-15
m.0_z9qxz,Empty Rooms,2011-01-01
m.0_zbf7s,Gravità,2012-01-01
m.0b44d7b,Gymnasium Jim,1922-05-01
m.0bhbcw4,The Red Shoes,2010-03-10
m.0bs059,Friendship's Field,1995-01-01
m.0c01703,Priests Ćira and Spira,1957-04-23
m.0c031rb,Pixels,2010-04-01
m.0c1qqcc,Laughterhouse,1984-01-01
m.0cgrzt2,Frühlingslied,1954-11-04
m.0cpz9w,Swiss Family Robinson,1940-01-01
m.0cr_bqg,Stott Pilates: Be Kind to Your Spine,2004-01-01
m.0crr_w3,1958,2009-01-01
m.0crs0bl,Mythic Journeys,2009-01-01
m.0crs0df,Horses: The Story of Equus: IMAX,2002-01-01
m.0crsdz2,Deol Dhamaka,1999-01-01
m.0crsdzs,Family Reunion,1979-01-01
m.0crsg6x,Trilogy of Ballet: The Nutcracker,2004-01-01
m.0crsjky,Shaolin Kung Fu: Big Cannon Boxing I,2005-01-01
m.0crskyn,Group,2002-04-05
m.0crsms3,Beating Blackjack,2006-01-01
m.0crsrw7,My Fair Son,2007-01-01
m.0crtdsj,The Mamas & The Papas: California Dreamin',1994-01-01
m.0crv5wl,Black Oasis,2005-01-01
m.0crvkmh,If by Chance,2008-01-01
m.0crw350,Tesla: Five Man Video Band,2002-01-01
m.0crw4y8,Successful Football Coaching: Bob Toledo: Quarterbacks,2004-01-01
m.0crw5wm,SNAPT: The Movie,2005-01-01
m.0crw8cf,International Fighting Championships: Mayhem in Montana,2005-01-01
m.0crw8ld,Tai Chi for Life: Yang Style,2006-01-01
m.0cs6dqp,Kali Ray TriYoga: Gentle Cardio,2004-01-01
m.0csb6dh,Chapel of Love: Jeff Barry and Friends,2001-01-01
m.0djb3hy,Louis Armstrong: Chicago Style,1976-01-01
m.0dl940n,The Black Lash,1952-01-02
m.0dl99w6,Cream Plosions 3,2008-01-01
m.0fc3s9,Matador,1986-03-07
m.0fpp6y2,Go For It!,2011-05-13
m.0fq56_r,I Was a Convict,1939-03-06
m.0g4zl5p,A Shining Season,1979-12-25
m.0g509rf,Famous in 31 Days,2010-01-01
m.0g50bcy,Captured,2008-01-01
m.0g9bbk,Rage at Dawn,1955-03-26
m.0gvs8zf,Ya Sonra?,2011-02-23
m.0gwrr8b,Erotic Witch Project 2: Book Of Seduction,2001-01-01
m.0gx0lm1,Godfather,2012-07-27
m.0gxp_6w,Carnal Sins,2001-01-01
m.0gycgtm,Bojan The Photographer,1987-01-01
m.0h2f1b,Under One Roof,2002-05-25
m.0h39yl,Aadavari Matalaku Arthale Verule,2007-04-27
m.0hpx1y2,The Second Wife,1998-11-06
m.0j21kg0,Rubbings from a Live Man,2008-01-01
m.0j8ghj5,Mexico-Mexico,1968-01-01
m.0jqz0jx,Paavo Nurmi - The Man and His Times,1978-05-04
m.0js8x_g,Slug Invasion,2012-05-24
m.0jyc4q3,Outkast - Dare to Be Different,2007-01-01
m.0jyc65n,Before War,2010-01-01
m.0k3dbm_,Father,2012-03-11
m.0k3qs55,The Last Marble,2011-01-01
m.0q205_9,The Letter,2012-01-01
m.0q2lhrz,Afternoon Delight,2013-01-21
m.0v_9prx,Copenhagen,2009-06-18
m.0vb04sn,Jackie Cochran: The First Lady of Flight,2002-01-01
m.0vb44j1,Forever Yours,1955-12-01
m.0wg6lmt,This Story of Love,1987-09-12
m.0ybrknd,Kooche-mardha,1970-01-01
m.0yxrlzg,Best If Used By,2012-01-01
m.0ztkk29,Baa Nalle Madhuchandrake,1993-01-01
g.11bxwdnbsw,Teen Beach Movie 2,2015-01-01
m.011qzwsq,Step Up,2012-01-01
m.011t97tp,The Warren,2014-01-01
m.0121r3g7,Trolling,2013-01-01
m.012hsg04,The Love Mask,1916-04-13
m.012hw6rd,O arquipélago,2014-01-01
m.02lthn,Cannibal! The Musical,1996-01-01
m.02vwstc,The Witnesses,2007-02-12
m.02w5lbt,Shotguns That Kick,1914-12-03
m.03d1n6b,Sandakan No. 8,1974-11-02
m.03d2fjl,Count the Votes,1919-10-05
m.03hjj2c,A Change of Seasons,1980-01-01
m.03qn8pj,Football Rules Ok,2000-02-10
m.04j0t13,Abhimanyu,1989-06-08
m.04j0t3f,Dogmatic,1999-01-01
m.04n0v2g,Mera Pind,2008-09-05
m.04z_cd2,Premi,2004-07-30
m.05kk1gt,A Stranger In My Arms,1959-03-03
m.05mtrtl,Bank Holiday,1938-01-01
m.05nhzr,White Mischief,1987-01-01
m.05tjh8,The Cure,1995-04-21
m.05v0w_j,Sure Thing,1997-01-01
m.05v0x1l,Pack Attack 1: Kent North,2005-01-01
m.05v348g,Erotic City 6,1998-01-01
m.064fh88,Outlet,2006-01-01
m.0663nwr,Bi-Bi Love,1993-10-01
